mean_fit_time,std_fit_time,mean_score_time,std_score_time,param_knn__weights,param_knn__n_neighbors,param_knn__metric,params,split0_test_score,split1_test_score,split2_test_score,split3_test_score,split4_test_score,mean_test_score,std_test_score,rank_test_score
0.01342315673828125,0.0056794097160763396,0.2652125835418701,0.004744526161978453,distance,11,euclidean,"{'knn__weights': 'distance', 'knn__n_neighbors': 11, 'knn__metric': 'euclidean'}",0.945054945054945,0.989010989010989,0.9560439560439561,0.967032967032967,0.9560439560439561,0.9626373626373625,0.014906219743132467,6
0.010639286041259766,0.0007312882548965587,0.2741887092590332,0.010827862167863845,distance,13,manhattan,"{'knn__weights': 'distance', 'knn__n_neighbors': 13, 'knn__metric': 'manhattan'}",0.945054945054945,1.0,0.945054945054945,0.967032967032967,0.9560439560439561,0.9626373626373625,0.020381579110979577,6
0.017213964462280275,0.00643466146969829,0.1143728256225586,0.1251204936663618,uniform,11,euclidean,"{'knn__weights': 'uniform', 'knn__n_neighbors': 11, 'knn__metric': 'euclidean'}",0.945054945054945,0.989010989010989,0.9560439560439561,0.967032967032967,0.9560439560439561,0.9626373626373625,0.014906219743132467,6
0.013666486740112305,0.0046414789058938045,0.008455324172973632,0.0010773267445089467,distance,9,manhattan,"{'knn__weights': 'distance', 'knn__n_neighbors': 9, 'knn__metric': 'manhattan'}",0.945054945054945,1.0,0.945054945054945,0.978021978021978,0.967032967032967,0.9670329670329669,0.020850182374736577,2
0.015741348266601562,0.009886956950790832,0.014493846893310547,0.004441917584224318,uniform,3,euclidean,"{'knn__weights': 'uniform', 'knn__n_neighbors': 3, 'knn__metric': 'euclidean'}",0.9340659340659341,0.989010989010989,0.945054945054945,0.989010989010989,0.989010989010989,0.9692307692307693,0.024473689506945173,1
0.01186976432800293,0.0017870000108713327,0.011769723892211915,0.003034458636269408,uniform,15,euclidean,"{'knn__weights': 'uniform', 'knn__n_neighbors': 15, 'knn__metric': 'euclidean'}",0.9340659340659341,1.0,0.9560439560439561,0.967032967032967,0.9560439560439561,0.9626373626373625,0.02153397576073123,6
0.010759782791137696,0.0036591710326541486,0.008903169631958007,0.0019866563959827894,distance,5,manhattan,"{'knn__weights': 'distance', 'knn__n_neighbors': 5, 'knn__metric': 'manhattan'}",0.9340659340659341,0.989010989010989,0.945054945054945,0.989010989010989,0.978021978021978,0.9670329670329669,0.02305074391582752,2
0.015538263320922851,0.007989914258697974,0.010643196105957032,0.001409098479245233,uniform,11,manhattan,"{'knn__weights': 'uniform', 'knn__n_neighbors': 11, 'knn__metric': 'manhattan'}",0.945054945054945,1.0,0.945054945054945,0.978021978021978,0.9560439560439561,0.9648351648351647,0.021308482889742106,5
0.013164520263671875,0.004783511428879107,0.00839080810546875,0.0011774814705471392,distance,13,euclidean,"{'knn__weights': 'distance', 'knn__n_neighbors': 13, 'knn__metric': 'euclidean'}",0.9340659340659341,1.0,0.9560439560439561,0.967032967032967,0.9560439560439561,0.9626373626373625,0.02153397576073123,6
0.009461593627929688,0.0010280756803347263,0.007620477676391601,0.0008341243130069046,distance,15,euclidean,"{'knn__weights': 'distance', 'knn__n_neighbors': 15, 'knn__metric': 'euclidean'}",0.945054945054945,1.0,0.9560439560439561,0.967032967032967,0.967032967032967,0.9670329670329669,0.018388132451298365,2
