mean_fit_time,std_fit_time,mean_score_time,std_score_time,param_svm__C,param_svm__gamma,param_svm__kernel,params,split0_test_score,split1_test_score,split2_test_score,split3_test_score,split4_test_score,mean_test_score,std_test_score,rank_test_score
0.11520729064941407,0.030668888276191453,0.021930646896362305,0.014867516332656034,0.1,scale,rbf,"{'svm__C': 0.1, 'svm__gamma': 'scale', 'svm__kernel': 'rbf'}",0.9340659340659341,0.978021978021978,0.945054945054945,0.9230769230769231,0.945054945054945,0.945054945054945,0.01838813245129834,13
0.11421022415161133,0.04721129179483661,0.013943815231323242,0.0068646358434385725,0.1,scale,linear,"{'svm__C': 0.1, 'svm__gamma': 'scale', 'svm__kernel': 'linear'}",0.967032967032967,0.989010989010989,0.9560439560439561,0.989010989010989,0.989010989010989,0.9780219780219781,0.013900121583157714,1
0.04886260032653809,0.03676268130436922,0.013282585144042968,0.004337817197533053,0.1,auto,rbf,"{'svm__C': 0.1, 'svm__gamma': 'auto', 'svm__kernel': 'rbf'}",0.9340659340659341,0.978021978021978,0.945054945054945,0.9230769230769231,0.945054945054945,0.945054945054945,0.01838813245129834,13
0.021924209594726563,0.007927519657656019,0.014705038070678711,0.010422929332439585,0.1,auto,linear,"{'svm__C': 0.1, 'svm__gamma': 'auto', 'svm__kernel': 'linear'}",0.967032967032967,0.989010989010989,0.9560439560439561,0.989010989010989,0.989010989010989,0.9780219780219781,0.013900121583157714,1
0.05966949462890625,0.08516456051626864,0.009311056137084961,0.0018668617995981386,1.0,scale,rbf,"{'svm__C': 1, 'svm__gamma': 'scale', 'svm__kernel': 'rbf'}",0.9560439560439561,0.989010989010989,0.945054945054945,0.978021978021978,0.989010989010989,0.9714285714285715,0.017855029460738386,3
0.012415695190429687,0.000542750401961603,0.011098575592041016,0.006903525596556534,1.0,scale,linear,"{'svm__C': 1, 'svm__gamma': 'scale', 'svm__kernel': 'linear'}",0.9560439560439561,0.9560439560439561,0.9560439560439561,0.989010989010989,0.978021978021978,0.9670329670329669,0.013900121583157697,7
0.015533065795898438,0.004427617848266019,0.009766674041748047,0.0033700193516047064,1.0,auto,rbf,"{'svm__C': 1, 'svm__gamma': 'auto', 'svm__kernel': 'rbf'}",0.9560439560439561,0.989010989010989,0.945054945054945,0.978021978021978,0.989010989010989,0.9714285714285715,0.017855029460738386,3
0.020371675491333008,0.017568476957379245,0.009159660339355469,0.005139001596688678,1.0,auto,linear,"{'svm__C': 1, 'svm__gamma': 'auto', 'svm__kernel': 'linear'}",0.9560439560439561,0.9560439560439561,0.9560439560439561,0.989010989010989,0.978021978021978,0.9670329670329669,0.013900121583157697,7
0.032251405715942386,0.009119286577301761,0.013011455535888672,0.004651793055937545,10.0,scale,rbf,"{'svm__C': 10, 'svm__gamma': 'scale', 'svm__kernel': 'rbf'}",0.945054945054945,0.978021978021978,0.9560439560439561,0.989010989010989,0.989010989010989,0.9714285714285715,0.017855029460738386,3
0.04458527565002442,0.04567063980735697,0.009680223464965821,0.006155747590314284,10.0,scale,linear,"{'svm__C': 10, 'svm__gamma': 'scale', 'svm__kernel': 'linear'}",0.9560439560439561,0.945054945054945,0.967032967032967,0.989010989010989,0.967032967032967,0.9648351648351647,0.014578570507056717,9
0.018619728088378907,0.012299225310488455,0.009370565414428711,0.005018162217107072,10.0,auto,rbf,"{'svm__C': 10, 'svm__gamma': 'auto', 'svm__kernel': 'rbf'}",0.945054945054945,0.978021978021978,0.9560439560439561,0.989010989010989,0.989010989010989,0.9714285714285715,0.017855029460738386,3
0.015425729751586913,0.003409271379702251,0.00961132049560547,0.0057818212629459406,10.0,auto,linear,"{'svm__C': 10, 'svm__gamma': 'auto', 'svm__kernel': 'linear'}",0.9560439560439561,0.945054945054945,0.967032967032967,0.989010989010989,0.967032967032967,0.9648351648351647,0.014578570507056717,9
0.03301811218261719,0.02167120254989428,0.009037113189697266,0.002813314690725313,100.0,scale,rbf,"{'svm__C': 100, 'svm__gamma': 'scale', 'svm__kernel': 'rbf'}",0.9120879120879121,0.967032967032967,0.945054945054945,0.989010989010989,0.978021978021978,0.9582417582417582,0.02727400801316673,11
0.03267402648925781,0.021348961257937327,0.010701847076416016,0.004460461242898351,100.0,scale,linear,"{'svm__C': 100, 'svm__gamma': 'scale', 'svm__kernel': 'linear'}",0.9230769230769231,0.9230769230769231,0.9560439560439561,0.978021978021978,0.945054945054945,0.945054945054945,0.02085018237473654,13
0.012658500671386718,0.0016406017618404197,0.014540719985961913,0.014194364411030067,100.0,auto,rbf,"{'svm__C': 100, 'svm__gamma': 'auto', 'svm__kernel': 'rbf'}",0.9120879120879121,0.967032967032967,0.945054945054945,0.989010989010989,0.978021978021978,0.9582417582417582,0.02727400801316673,11
0.031329107284545896,0.014333209932551041,0.006333160400390625,0.0012693797649273744,100.0,auto,linear,"{'svm__C': 100, 'svm__gamma': 'auto', 'svm__kernel': 'linear'}",0.9230769230769231,0.9230769230769231,0.9560439560439561,0.978021978021978,0.945054945054945,0.945054945054945,0.02085018237473654,13
